function,method,dimension,runs,mean_value,std_value,best_value,worst_value,success_rate,excluded_runs,mean_function_evaluations,mean_gradient_evaluations,mean_equivalent_evaluations
rosenbrock,gd,2,30,2.7956388955427275e-05,1.638261219215822e-05,2.637013411205068e-10,6.564674961717175e-05,1.0,0,1.0,10000.0,40001.0
rosenbrock,gd,3,30,1.1614218770497399e-05,7.448716393966924e-06,1.922427996754357e-07,3.8918200854582426e-05,0.9,3,1.0,9000.833333333334,54006.0
rosenbrock,pso,2,30,0.0,0.0,0.0,0.0,1.0,0,40000.0,0.0,40000.0
rosenbrock,evolutionary,2,30,5.096204571640363e-06,4.423261875146813e-06,1.5872324640621684e-08,1.9679673194165275e-05,1.0,0,40000.0,0.0,40000.0
rosenbrock,de,2,30,0.0,0.0,0.0,0.0,1.0,0,40000.0,0.0,40000.0
rastrigin,gd,2,30,15.819742506113153,10.204737700541552,0.9949590570932898,31.83848758492307,0.0,0,1.0,10000.0,40001.0
rastrigin,gd,3,30,24.475832658226793,14.405391728589303,1.9899181141865832,53.72727705963854,0.0,0,1.0,10000.0,60001.0
rastrigin,pso,2,30,0.0,0.0,0.0,0.0,1.0,0,40000.0,0.0,40000.0
rastrigin,evolutionary,2,30,0.19906839916842772,0.4047688331573178,2.941223371522028e-07,0.9950841478336372,0.5666666666666667,0,40000.0,0.0,40000.0
rastrigin,de,2,30,0.0,0.0,0.0,0.0,1.0,0,40000.0,0.0,40000.0
